{
  "$schema": "https://cloud.uipath.com/draft/2024-12/operate",
  "contentType": "Process",
  "projectId": "46ca7bc2-7234-4d88-8dd2-30386459485f",
  "main": "Main.xaml",
  "dependencies": {
    "UiPath.System.Activities.Runtime": "[25.10.2]"
  },
  "targetFramework": "Windows",
  "runtimeOptions": {
    "isAttended": false,
    "requiresUserInteraction": true,
    "robotVersion": "26.0.179"
  },
  "designOptions": {
    "projectProfile": "Development",
    "fileInfoCollection": []
  }
}