{
  "$schema": "https://cloud.uipath.com/draft/2024-12/operate",
  "contentType": "Process",
  "projectId": "7bf02408-bad6-44df-afd4-5fb90c2889ad",
  "main": "Main.xaml",
  "dependencies": {
    "UiPath.Excel.Activities": "[3.2.1]",
    "UiPath.Mail.Activities": "[2.4.10]",
    "UiPath.System.Activities.Runtime": "[25.10.2]",
    "UiPath.WebAPI.Activities": "[1.13.3]"
  },
  "targetFramework": "Windows",
  "runtimeOptions": {
    "isAttended": false,
    "requiresUserInteraction": false,
    "robotVersion": "26.0.179"
  },
  "designOptions": {
    "projectProfile": "Development",
    "fileInfoCollection": []
  }
}